ClientID,Trainer,Rating,Date
9,A. Sait,4,2024-01-25
86,T. Test,1,2024-04-16
23,T. Test,1,2024-01-20
240,T. Test,1,2024-02-27
73,P. Test,2,2024-04-02
27,T. Test,2,2024-03-26
81,A. Sait,3,2024-02-19
84,A. Sait,1,2024-04-30
199,T. Test,3,2024-03-19
43,T. Test,1,2024-04-12
263,A. Sait,2,2024-01-10
92,T. Test,4,2024-01-21
84,P. Test,4,2024-04-28
300,T. Test,4,2024-04-25
296,P. Test,4,2024-01-29
135,P. Test,5,2024-04-05
281,P. Test,1,2024-01-10
59,T. Test,4,2024-01-13
241,P. Test,5,2024-02-16
98,P. Test,5,2024-01-23
62,T. Test,5,2024-02-19
264,P. Test,3,2024-03-27
113,T. Test,3,2024-04-04
146,A. Sait,5,2024-01-04
216,P. Test,4,2024-04-25
256,T. Test,1,2024-04-22
258,A. Sait,2,2024-03-07
194,P. Test,3,2024-03-25
14,P. Test,4,2024-02-22
103,T. Test,4,2024-01-02
245,A. Sait,2,2024-03-08
245,T. Test,2,2024-03-05
268,P. Test,4,2024-03-19
224,P. Test,2,2024-02-26
220,P. Test,4,2024-04-06
217,P. Test,2,2024-03-10
4,A. Sait,2,2024-01-07
36,A. Sait,4,2024-01-19
178,T. Test,5,2024-02-13
257,T. Test,4,2024-03-03
17,T. Test,1,2024-03-05
199,P. Test,2,2024-02-08
48,T. Test,3,2024-03-23
62,A. Sait,2,2024-04-18
69,T. Test,1,2024-01-26
147,T. Test,3,2024-02-13
162,A. Sait,3,2024-01-12
227,A. Sait,4,2024-01-22
230,P. Test,5,2024-03-17
178,A. Sait,4,2024-04-01
56,A. Sait,3,2024-01-14
78,T. Test,3,2024-03-26
270,A. Sait,5,2024-01-30
206,P. Test,2,2024-02-13
281,T. Test,5,2024-03-24
228,P. Test,4,2024-04-17
239,A. Sait,2,2024-03-31
288,P. Test,4,2024-02-07
82,P. Test,5,2024-02-28
250,A. Sait,2,2024-02-11
193,A. Sait,5,2024-02-21
106,T. Test,1,2024-03-03
189,T. Test,3,2024-03-01
276,T. Test,2,2024-04-29
74,A. Sait,3,2024-04-14
10,P. Test,1,2024-02-03
123,P. Test,2,2024-02-08
216,T. Test,3,2024-02-10
290,T. Test,3,2024-04-30
40,A. Sait,2,2024-04-17
193,P. Test,3,2024-02-06
127,T. Test,3,2024-03-05
289,A. Sait,2,2024-04-27
71,T. Test,3,2024-03-19
137,A. Sait,3,2024-02-01
144,P. Test,4,2024-01-08
299,A. Sait,4,2024-04-06
269,T. Test,1,2024-01-18
139,T. Test,4,2024-02-14
52,P. Test,4,2024-04-02
17,P. Test,1,2024-04-05
165,T. Test,3,2024-02-02
13,T. Test,3,2024-01-05
190,T. Test,4,2024-03-22
264,P. Test,1,2024-04-21
221,T. Test,3,2024-03-14
104,P. Test,5,2024-02-05
198,T. Test,2,2024-04-06
300,A. Sait,2,2024-01-23
169,A. Sait,2,2024-02-09
149,T. Test,4,2024-01-05
249,A. Sait,2,2024-02-03
256,P. Test,2,2024-01-24
42,A. Sait,5,2024-01-17
202,A. Sait,3,2024-04-04
244,P. Test,5,2024-03-11
157,A. Sait,4,2024-03-21
286,A. Sait,2,2024-04-01
282,T. Test,3,2024-04-11
238,P. Test,2,2024-01-22
19,P. Test,2,2024-01-15
53,T. Test,4,2024-04-10
85,T. Test,2,2024-01-15
273,A. Sait,1,2024-04-23
213,A. Sait,3,2024-04-23
104,A. Sait,3,2024-01-25
192,T. Test,1,2024-02-22
177,P. Test,4,2024-01-21
147,A. Sait,2,2024-04-28
81,T. Test,2,2024-04-11
193,P. Test,3,2024-03-06
37,T. Test,4,2024-03-31
154,A. Sait,4,2024-04-22
130,T. Test,4,2024-02-01
59,T. Test,2,2024-01-21
224,T. Test,4,2024-03-08
249,T. Test,1,2024-02-13
240,P. Test,5,2024-03-23
293,A. Sait,4,2024-03-06
287,P. Test,5,2024-03-30
204,T. Test,2,2024-04-07
99,T. Test,4,2024-01-14
176,A. Sait,3,2024-01-15
262,A. Sait,2,2024-01-20
271,P. Test,1,2024-02-03
143,P. Test,1,2024-02-05
189,A. Sait,5,2024-03-23
272,P. Test,5,2024-01-09
20,T. Test,3,2024-03-11
300,T. Test,3,2024-01-30
46,A. Sait,1,2024-03-17
95,P. Test,4,2024-03-31
64,T. Test,1,2024-03-03
131,A. Sait,1,2024-04-17
9,P. Test,3,2024-02-04
203,T. Test,5,2024-01-13
298,P. Test,3,2024-03-19
174,P. Test,3,2024-02-15
73,P. Test,3,2024-02-25
84,A. Sait,1,2024-01-09
59,T. Test,4,2024-04-18
21,A. Sait,1,2024-03-27
157,T. Test,2,2024-04-27
61,T. Test,3,2024-02-05
64,A. Sait,3,2024-04-26
168,A. Sait,2,2024-04-13
203,T. Test,3,2024-01-03
129,T. Test,3,2024-04-07
245,T. Test,3,2024-01-19
106,P. Test,2,2024-01-28
